{
  "type": "minecraft:fishing",
  "pools": [
    {
      "rolls": 1,
      "entries": [
        {
          "type": "minecraft:loot_table",
          "weight": 10,
          "quality": -2,
          "name": "minecraft:gameplay/fishing/junk"
        },
        {
          "type": "minecraft:loot_table",
          "conditions": [
            {
              "condition": "minecraft:entity_properties",
              "predicate": {
                "fishing_hook": {
                  "in_open_water": true
                }
              },
              "entity": "this"
            }
          ],
          "weight": 2,
          "quality": 2,
          "name": "minecraft:gameplay/fishing/treasure"
        },
        {
          "type": "minecraft:loot_table",
          "weight": 88,
          "quality": -1,
          "name": "minecraft:gameplay/fishing/fish"
        }
      ]
    }
  ]
}